city_from_name;city_to_name;city_from_coord;city_to_coord;distance
Dusseldorf;Zaragoza;(51.2254018, 6.7763137);(41.6521342, -0.8809428);1214.4772
Dusseldorf;Venlo;(51.2254018, 6.7763137);(51.39244885, 6.1511724144122955);47.3876
Dusseldorf;Bratislava;(51.2254018, 6.7763137);(48.1516988, 17.1093063);819.2894
Dusseldorf;Hamburg;(51.2254018, 6.7763137);(53.550341, 10.000654);339.2215
Dusseldorf;Rome;(51.2254018, 6.7763137);(41.8933203, 12.4829321);1125.029
Dusseldorf;Lille;(51.2254018, 6.7763137);(50.6365654, 3.0635282);269.0769
Dusseldorf;Liege;(51.2254018, 6.7763137);(50.6450944, 5.5736112);106.3716
Dusseldorf;Warsaw;(51.2254018, 6.7763137);(52.2337172, 21.071432235636493);992.3709
Dusseldorf;Paris;(51.2254018, 6.7763137);(48.8588897, 2.3200410217200766);413.6191
Dusseldorf;Lyon;(51.2254018, 6.7763137);(45.7578137, 4.8320114);624.6864
Dusseldorf;Marseille;(51.2254018, 6.7763137);(43.2961743, 5.3699525);887.8947
Dusseldorf;Bordeaux;(51.2254018, 6.7763137);(44.841225, -0.5800364);896.2065
Dusseldorf;Milan;(51.2254018, 6.7763137);(45.4641943, 9.1896346);665.0376
Dusseldorf;Berlin;(51.2254018, 6.7763137);(52.5170365, 13.3888599);477.3717
Dusseldorf;Madrid;(51.2254018, 6.7763137);(40.4167047, -3.7035825);1448.2241
Dusseldorf;Vienna;(51.2254018, 6.7763137);(48.2083537, 16.3725042);768.3073
Dusseldorf;Munich;(51.2254018, 6.7763137);(48.1371079, 11.5753822);487.5926
Dusseldorf;Amsterdam;(51.2254018, 6.7763137);(52.3727598, 4.8936041);182.1019
Dusseldorf;Stockholm;(51.2254018, 6.7763137);(59.3251172, 18.0710935);1149.3691
Dusseldorf;Copenhagen;(51.2254018, 6.7763137);(55.6867243, 12.5700724);627.7653
Dusseldorf;Barcelona;(51.2254018, 6.7763137);(41.3828939, 2.1774322);1149.4065
Dusseldorf;Cologne;(51.2254018, 6.7763137);(50.938361, 6.959974);34.4291
Dusseldorf;Athens;(51.2254018, 6.7763137);(37.9839412, 23.7283052);1984.437
Dusseldorf;Bucharest;(51.2254018, 6.7763137);(44.4361414, 26.1027202);1625.1608
Dusseldorf;Budapest;(51.2254018, 6.7763137);(47.4979937, 19.0403594);980.9822
Dusseldorf;Naples;(51.2254018, 6.7763137);(40.8358846, 14.2487679);1290.0187
Dusseldorf;Lisbon;(51.2254018, 6.7763137);(38.7077507, -9.1365919);1865.7471
Dusseldorf;Turin;(51.2254018, 6.7763137);(45.0677551, 7.6824892);687.985
Dusseldorf;Hanover;(51.2254018, 6.7763137);(52.3744779, 9.7385532);241.017
Dusseldorf;Malmö;(51.2254018, 6.7763137);(55.6052931, 13.0001566);638.922
Dusseldorf;Helsinki;(51.2254018, 6.7763137);(60.1674881, 24.9427473);1506.2793
Dusseldorf;Prague;(51.2254018, 6.7763137);(50.0874654, 14.4212535);554.9521
Dusseldorf;Valencia;(51.2254018, 6.7763137);(39.4697065, -0.3763353);1420.0225
Dusseldorf;Bremen;(51.2254018, 6.7763137);(53.0758196, 8.8071646);248.4044
Dusseldorf;Porto;(51.2254018, 6.7763137);(41.1494512, -8.6107884);1626.5104
Zaragoza;Venlo;(41.6521342, -0.8809428);(51.39244885, 6.1511724144122955);1208.4067
Zaragoza;Bratislava;(41.6521342, -0.8809428);(48.1516988, 17.1093063);1588.623
Zaragoza;Hamburg;(41.6521342, -0.8809428);(53.550341, 10.000654);1551.5661
Zaragoza;Rome;(41.6521342, -0.8809428);(41.8933203, 12.4829321);1110.3378
Zaragoza;Lille;(41.6521342, -0.8809428);(50.6365654, 3.0635282);1043.724
Zaragoza;Liege;(41.6521342, -0.8809428);(50.6450944, 5.5736112);1116.0416
Zaragoza;Warsaw;(41.6521342, -0.8809428);(52.2337172, 21.071432235636493);2030.693
Zaragoza;Paris;(41.6521342, -0.8809428);(48.8588897, 2.3200410217200766);839.2165
Zaragoza;Lyon;(41.6521342, -0.8809428);(45.7578137, 4.8320114);647.847
Zaragoza;Marseille;(41.6521342, -0.8809428);(43.2961743, 5.3699525);545.3384
Zaragoza;Bordeaux;(41.6521342, -0.8809428);(44.841225, -0.5800364);355.1412
Zaragoza;Milan;(41.6521342, -0.8809428);(45.4641943, 9.1896346);916.383
Zaragoza;Berlin;(41.6521342, -0.8809428);(52.5170365, 13.3888599);1616.8146
Zaragoza;Madrid;(41.6521342, -0.8809428);(40.4167047, -3.7035825);274.1376
Zaragoza;Vienna;(41.6521342, -0.8809428);(48.2083537, 16.3725042);1539.7663
Zaragoza;Munich;(41.6521342, -0.8809428);(48.1371079, 11.5753822);1217.1632
Zaragoza;Amsterdam;(41.6521342, -0.8809428);(52.3727598, 4.8936041);1269.1074
Zaragoza;Stockholm;(41.6521342, -0.8809428);(59.3251172, 18.0710935);2363.4114
Zaragoza;Copenhagen;(41.6521342, -0.8809428);(55.6867243, 12.5700724);1841.379
Zaragoza;Barcelona;(41.6521342, -0.8809428);(41.3828939, 2.1774322);257.0251
Zaragoza;Cologne;(41.6521342, -0.8809428);(50.938361, 6.959974);1194.4688
Zaragoza;Athens;(41.6521342, -0.8809428);(37.9839412, 23.7283052);2138.3667
Zaragoza;Bucharest;(41.6521342, -0.8809428);(44.4361414, 26.1027202);2210.0925
Zaragoza;Budapest;(41.6521342, -0.8809428);(47.4979937, 19.0403594);1704.3119
Zaragoza;Naples;(41.6521342, -0.8809428);(40.8358846, 14.2487679);1269.832
Zaragoza;Lisbon;(41.6521342, -0.8809428);(38.7077507, -9.1365919);774.9704
Zaragoza;Turin;(41.6521342, -0.8809428);(45.0677551, 7.6824892);790.531
Zaragoza;Hanover;(41.6521342, -0.8809428);(52.3744779, 9.7385532);1436.4563
Zaragoza;Malmö;(41.6521342, -0.8809428);(55.6052931, 13.0001566);1851.0339
Zaragoza;Helsinki;(41.6521342, -0.8809428);(60.1674881, 24.9427473);2710.6631
Zaragoza;Prague;(41.6521342, -0.8809428);(50.0874654, 14.4212535);1508.5357
Zaragoza;Valencia;(41.6521342, -0.8809428);(39.4697065, -0.3763353);246.0864
Zaragoza;Bremen;(41.6521342, -0.8809428);(53.0758196, 8.8071646);1462.8167
Zaragoza;Porto;(41.6521342, -0.8809428);(41.1494512, -8.6107884);648.5823
Venlo;Bratislava;(51.39244885, 6.1511724144122955);(48.1516988, 17.1093063);866.6269
Venlo;Hamburg;(51.39244885, 6.1511724144122955);(53.550341, 10.000654);354.9956
Venlo;Rome;(51.39244885, 6.1511724144122955);(41.8933203, 12.4829321);1160.8464
Venlo;Lille;(51.39244885, 6.1511724144122955);(50.6365654, 3.0635282);232.4003
Venlo;Liege;(51.39244885, 6.1511724144122955);(50.6450944, 5.5736112);92.4928
Venlo;Warsaw;(51.39244885, 6.1511724144122955);(52.2337172, 21.071432235636493);1031.3584
Venlo;Paris;(51.39244885, 6.1511724144122955);(48.8588897, 2.3200410217200766);392.9249
Venlo;Lyon;(51.39244885, 6.1511724144122955);(45.7578137, 4.8320114);634.0662
Venlo;Marseille;(51.39244885, 6.1511724144122955);(43.2961743, 5.3699525);902.042
Venlo;Bordeaux;(51.39244885, 6.1511724144122955);(44.841225, -0.5800364);883.3809
Venlo;Milan;(51.39244885, 6.1511724144122955);(45.4641943, 9.1896346);696.3485
Venlo;Berlin;(51.39244885, 6.1511724144122955);(52.5170365, 13.3888599);512.8188
Venlo;Madrid;(51.39244885, 6.1511724144122955);(40.4167047, -3.7035825);1436.9241
Venlo;Vienna;(51.39244885, 6.1511724144122955);(48.2083537, 16.3725042);815.6854
Venlo;Munich;(51.39244885, 6.1511724144122955);(48.1371079, 11.5753822);532.4769
Venlo;Amsterdam;(51.39244885, 6.1511724144122955);(52.3727598, 4.8936041);139.2635
Venlo;Stockholm;(51.39244885, 6.1511724144122955);(59.3251172, 18.0710935);1159.0472
Venlo;Copenhagen;(51.39244885, 6.1511724144122955);(55.6867243, 12.5700724);639.4113
Venlo;Barcelona;(51.39244885, 6.1511724144122955);(41.3828939, 2.1774322);1153.4178
Venlo;Cologne;(51.39244885, 6.1511724144122955);(50.938361, 6.959974);75.8455
Venlo;Athens;(51.39244885, 6.1511724144122955);(37.9839412, 23.7283052);2029.5726
Venlo;Bucharest;(51.39244885, 6.1511724144122955);(44.4361414, 26.1027202);1672.4754
Venlo;Budapest;(51.39244885, 6.1511724144122955);(47.4979937, 19.0403594);1028.3023
Venlo;Naples;(51.39244885, 6.1511724144122955);(40.8358846, 14.2487679);1328.0246
Venlo;Lisbon;(51.39244885, 6.1511724144122955);(38.7077507, -9.1365919);1846.475
Venlo;Turin;(51.39244885, 6.1511724144122955);(45.0677551, 7.6824892);712.3703
Venlo;Hanover;(51.39244885, 6.1511724144122955);(52.3744779, 9.7385532);270.062
Venlo;Malmö;(51.39244885, 6.1511724144122955);(55.6052931, 13.0001566);652.4192
Venlo;Helsinki;(51.39244885, 6.1511724144122955);(60.1674881, 24.9427473);1521.8218
Venlo;Prague;(51.39244885, 6.1511724144122955);(50.0874654, 14.4212535);601.1965
Venlo;Valencia;(51.39244885, 6.1511724144122955);(39.4697065, -0.3763353);1418.7254
Venlo;Bremen;(51.39244885, 6.1511724144122955);(53.0758196, 8.8071646);260.756
Venlo;Porto;(51.39244885, 6.1511724144122955);(41.1494512, -8.6107884);1603.9511
Bratislava;Hamburg;(48.1516988, 17.1093063);(53.550341, 10.000654);781.0735
Bratislava;Rome;(48.1516988, 17.1093063);(41.8933203, 12.4829321);784.9334
Bratislava;Lille;(48.1516988, 17.1093063);(50.6365654, 3.0635282);1054.5937
Bratislava;Liege;(48.1516988, 17.1093063);(50.6450944, 5.5736112);880.9654
Bratislava;Warsaw;(48.1516988, 17.1093063);(52.2337172, 21.071432235636493);534.804
Bratislava;Paris;(48.1516988, 17.1093063);(48.8588897, 2.3200410217200766);1093.9242
Bratislava;Lyon;(48.1516988, 17.1093063);(45.7578137, 4.8320114);970.4925
Bratislava;Marseille;(48.1516988, 17.1093063);(43.2961743, 5.3699525);1059.6431
Bratislava;Bordeaux;(48.1516988, 17.1093063);(44.841225, -0.5800364);1403.4051
Bratislava;Milan;(48.1516988, 17.1093063);(45.4641943, 9.1896346);673.8443
Bratislava;Berlin;(48.1516988, 17.1093063);(52.5170365, 13.3888599);552.9516
Bratislava;Madrid;(48.1516988, 17.1093063);(40.4167047, -3.7035825);1862.1797
Bratislava;Vienna;(48.1516988, 17.1093063);(48.2083537, 16.3725042);55.1533
Bratislava;Munich;(48.1516988, 17.1093063);(48.1371079, 11.5753822);411.7316
Bratislava;Amsterdam;(48.1516988, 17.1093063);(52.3727598, 4.8936041);987.7402
Bratislava;Stockholm;(48.1516988, 17.1093063);(59.3251172, 18.0710935);1245.1757
Bratislava;Copenhagen;(48.1516988, 17.1093063);(55.6867243, 12.5700724);894.1859
Bratislava;Barcelona;(48.1516988, 17.1093063);(41.3828939, 2.1774322);1397.414
Bratislava;Cologne;(48.1516988, 17.1093063);(50.938361, 6.959974);796.365
Bratislava;Athens;(48.1516988, 17.1093063);(37.9839412, 23.7283052);1250.4735
Bratislava;Bucharest;(48.1516988, 17.1093063);(44.4361414, 26.1027202);805.9377
Bratislava;Budapest;(48.1516988, 17.1093063);(47.4979937, 19.0403594);161.8264
Bratislava;Naples;(48.1516988, 17.1093063);(40.8358846, 14.2487679);844.0198
Bratislava;Lisbon;(48.1516988, 17.1093063);(38.7077507, -9.1365919);2354.0837
Bratislava;Turin;(48.1516988, 17.1093063);(45.0677551, 7.6824892);798.6767
Bratislava;Hanover;(48.1516988, 17.1093063);(52.3744779, 9.7385532);704.2409
Bratislava;Malmö;(48.1516988, 17.1093063);(55.6052931, 13.0001566);875.8775
Bratislava;Helsinki;(48.1516988, 17.1093063);(60.1674881, 24.9427473);1429.6227
Bratislava;Prague;(48.1516988, 17.1093063);(50.0874654, 14.4212535);291.2472
Bratislava;Valencia;(48.1516988, 17.1093063);(39.4697065, -0.3763353);1699.4885
Bratislava;Bremen;(48.1516988, 17.1093063);(53.0758196, 8.8071646);802.3812
Bratislava;Porto;(48.1516988, 17.1093063);(41.1494512, -8.6107884);2170.9236
Hamburg;Rome;(53.550341, 10.000654);(41.8933203, 12.4829321);1309.179
Hamburg;Lille;(53.550341, 10.000654);(50.6365654, 3.0635282);575.0572
Hamburg;Liege;(53.550341, 10.000654);(50.6450944, 5.5736112);443.1614
Hamburg;Warsaw;(53.550341, 10.000654);(52.2337172, 21.071432235636493);758.5587
Hamburg;Paris;(53.550341, 10.000654);(48.8588897, 2.3200410217200766);747.9185
Hamburg;Lyon;(53.550341, 10.000654);(45.7578137, 4.8320114);943.0273
Hamburg;Marseille;(53.550341, 10.000654);(43.2961743, 5.3699525);1189.9889
Hamburg;Bordeaux;(53.550341, 10.000654);(44.841225, -0.5800364);1235.3496
Hamburg;Milan;(53.550341, 10.000654);(45.4641943, 9.1896346);901.2353
Hamburg;Berlin;(53.550341, 10.000654);(52.5170365, 13.3888599);254.6944
Hamburg;Madrid;(53.550341, 10.000654);(40.4167047, -3.7035825);1787.4018
Hamburg;Vienna;(53.550341, 10.000654);(48.2083537, 16.3725042);743.8643
Hamburg;Munich;(53.550341, 10.000654);(48.1371079, 11.5753822);612.2829
Hamburg;Amsterdam;(53.550341, 10.000654);(52.3727598, 4.8936041);367.2448
Hamburg;Stockholm;(53.550341, 10.000654);(59.3251172, 18.0710935);812.0226
Hamburg;Copenhagen;(53.550341, 10.000654);(55.6867243, 12.5700724);289.9676
Hamburg;Barcelona;(53.550341, 10.000654);(41.3828939, 2.1774322);1473.6254
Hamburg;Cologne;(53.550341, 10.000654);(50.938361, 6.959974);357.1486
Hamburg;Athens;(53.550341, 10.000654);(37.9839412, 23.7283052);2025.2207
Hamburg;Bucharest;(53.550341, 10.000654);(44.4361414, 26.1027202);1547.9444
Hamburg;Budapest;(53.550341, 10.000654);(47.4979937, 19.0403594);928.2328
Hamburg;Naples;(53.550341, 10.000654);(40.8358846, 14.2487679);1449.0449
Hamburg;Lisbon;(53.550341, 10.000654);(38.7077507, -9.1365919);2201.4676
Hamburg;Turin;(53.550341, 10.000654);(45.0677551, 7.6824892);958.1984
Hamburg;Hanover;(53.550341, 10.000654);(52.3744779, 9.7385532);132.0362
Hamburg;Malmö;(53.550341, 10.000654);(55.6052931, 13.0001566);299.8548
Hamburg;Helsinki;(53.550341, 10.000654);(60.1674881, 24.9427473);1167.5065
Hamburg;Prague;(53.550341, 10.000654);(50.0874654, 14.4212535);491.0931
Hamburg;Valencia;(53.550341, 10.000654);(39.4697065, -0.3763353);1751.9607
Hamburg;Bremen;(53.550341, 10.000654);(53.0758196, 8.8071646);95.4791
Hamburg;Porto;(53.550341, 10.000654);(41.1494512, -8.6107884);1958.0004
Rome;Lille;(41.8933203, 12.4829321);(50.6365654, 3.0635282);1211.1302
Rome;Liege;(41.8933203, 12.4829321);(50.6450944, 5.5736112);1107.929
Rome;Warsaw;(41.8933203, 12.4829321);(52.2337172, 21.071432235636493);1319.6796
Rome;Paris;(41.8933203, 12.4829321);(48.8588897, 2.3200410217200766);1108.5886
Rome;Lyon;(41.8933203, 12.4829321);(45.7578137, 4.8320114);749.8862
Rome;Marseille;(41.8933203, 12.4829321);(43.2961743, 5.3699525);604.0216
Rome;Bordeaux;(41.8933203, 12.4829321);(44.841225, -0.5800364);1106.8508
Rome;Milan;(41.8933203, 12.4829321);(45.4641943, 9.1896346);477.3222
Rome;Berlin;(41.8933203, 12.4829321);(52.5170365, 13.3888599);1183.0545
Rome;Madrid;(41.8933203, 12.4829321);(40.4167047, -3.7035825);1366.4467
Rome;Vienna;(41.8933203, 12.4829321);(48.2083537, 16.3725042);765.5193
Rome;Munich;(41.8933203, 12.4829321);(48.1371079, 11.5753822);697.5485
Rome;Amsterdam;(41.8933203, 12.4829321);(52.3727598, 4.8936041);1297.8466
Rome;Stockholm;(41.8933203, 12.4829321);(59.3251172, 18.0710935);1977.3389
Rome;Copenhagen;(41.8933203, 12.4829321);(55.6867243, 12.5700724);1533.9085
Rome;Barcelona;(41.8933203, 12.4829321);(41.3828939, 2.1774322);859.9884
Rome;Cologne;(41.8933203, 12.4829321);(50.938361, 6.959974);1090.6475
Rome;Athens;(41.8933203, 12.4829321);(37.9839412, 23.7283052);1053.5083
Rome;Bucharest;(41.8933203, 12.4829321);(44.4361414, 26.1027202);1141.5506
Rome;Budapest;(41.8933203, 12.4829321);(47.4979937, 19.0403594);810.5965
Rome;Naples;(41.8933203, 12.4829321);(40.8358846, 14.2487679);188.7287
Rome;Lisbon;(41.8933203, 12.4829321);(38.7077507, -9.1365919);1866.532
Rome;Turin;(41.8933203, 12.4829321);(45.0677551, 7.6824892);524.436
Rome;Hanover;(41.8933203, 12.4829321);(52.3744779, 9.7385532);1183.4477
Rome;Malmö;(41.8933203, 12.4829321);(55.6052931, 13.0001566);1525.2925
Rome;Helsinki;(41.8933203, 12.4829321);(60.1674881, 24.9427473);2204.2242
Rome;Prague;(41.8933203, 12.4829321);(50.0874654, 14.4212535);922.9972
Rome;Valencia;(41.8933203, 12.4829321);(39.4697065, -0.3763353);1118.7306
Rome;Bremen;(41.8933203, 12.4829321);(53.0758196, 8.8071646);1273.3157
Rome;Porto;(41.8933203, 12.4829321);(41.1494512, -8.6107884);1758.1663
Lille;Liege;(50.6365654, 3.0635282);(50.6450944, 5.5736112);177.5529
Lille;Warsaw;(50.6365654, 3.0635282);(52.2337172, 21.071432235636493);1261.4372
Lille;Paris;(50.6365654, 3.0635282);(48.8588897, 2.3200410217200766);204.8496
Lille;Lyon;(50.6365654, 3.0635282);(45.7578137, 4.8320114);558.1464
Lille;Marseille;(50.6365654, 3.0635282);(43.2961743, 5.3699525);834.5826
Lille;Bordeaux;(50.6365654, 3.0635282);(44.841225, -0.5800364);699.6873
Lille;Milan;(50.6365654, 3.0635282);(45.4641943, 9.1896346);733.8784
Lille;Berlin;(50.6365654, 3.0635282);(52.5170365, 13.3888599);744.9913
Lille;Madrid;(50.6365654, 3.0635282);(40.4167047, -3.7035825);1251.5675
Lille;Vienna;(50.6365654, 3.0635282);(48.2083537, 16.3725042);1001.0708
Lille;Munich;(50.6365654, 3.0635282);(48.1371079, 11.5753822);677.1062
Lille;Amsterdam;(50.6365654, 3.0635282);(52.3727598, 4.8936041);231.1954
Lille;Stockholm;(50.6365654, 3.0635282);(59.3251172, 18.0710935);1357.4387
Lille;Copenhagen;(50.6365654, 3.0635282);(55.6867243, 12.5700724);847.3082
Lille;Barcelona;(50.6365654, 3.0635282);(41.3828939, 2.1774322);1030.8249
Lille;Cologne;(50.6365654, 3.0635282);(50.938361, 6.959974);276.7793
Lille;Athens;(50.6365654, 3.0635282);(37.9839412, 23.7283052);2153.58
Lille;Bucharest;(50.6365654, 3.0635282);(44.4361414, 26.1027202);1857.0525
Lille;Budapest;(50.6365654, 3.0635282);(47.4979937, 19.0403594);1215.7651
Lille;Naples;(50.6365654, 3.0635282);(40.8358846, 14.2487679);1391.226
Lille;Lisbon;(50.6365654, 3.0635282);(38.7077507, -9.1365919);1636.4555
Lille;Turin;(50.6365654, 3.0635282);(45.0677551, 7.6824892);708.8031
Lille;Hanover;(50.6365654, 3.0635282);(52.3744779, 9.7385532);501.9357
Lille;Malmö;(50.6365654, 3.0635282);(55.6052931, 13.0001566);863.6312
Lille;Helsinki;(50.6365654, 3.0635282);(60.1674881, 24.9427473);1731.7666
Lille;Prague;(50.6365654, 3.0635282);(50.0874654, 14.4212535);809.6745
Lille;Valencia;(50.6365654, 3.0635282);(39.4697065, -0.3763353);1269.8705
Lille;Bremen;(50.6365654, 3.0635282);(53.0758196, 8.8071646);479.6218
Lille;Porto;(50.6365654, 3.0635282);(41.1494512, -8.6107884);1386.9211
Liege;Warsaw;(50.6450944, 5.5736112);(52.2337172, 21.071432235636493);1089.8197
Liege;Paris;(50.6450944, 5.5736112);(48.8588897, 2.3200410217200766);307.2646
Liege;Lyon;(50.6450944, 5.5736112);(45.7578137, 4.8320114);546.2179
Liege;Marseille;(50.6450944, 5.5736112);(43.2961743, 5.3699525);817.1268
Liege;Bordeaux;(50.6450944, 5.5736112);(44.841225, -0.5800364);792.7393
Liege;Milan;(50.6450944, 5.5736112);(45.4641943, 9.1896346);635.8256
Liege;Berlin;(50.6450944, 5.5736112);(52.5170365, 13.3888599);580.017
Liege;Madrid;(50.6450944, 5.5736112);(40.4167047, -3.7035825);1345.7935
Liege;Vienna;(50.6450944, 5.5736112);(48.2083537, 16.3725042);828.0363
Liege;Munich;(50.6450944, 5.5736112);(48.1371079, 11.5753822);517.1005
Liege;Amsterdam;(50.6450944, 5.5736112);(52.3727598, 4.8936041);197.927
Liege;Stockholm;(50.6450944, 5.5736112);(59.3251172, 18.0710935);1250.3499
Liege;Copenhagen;(50.6450944, 5.5736112);(55.6867243, 12.5700724);729.8537
Liege;Barcelona;(50.6450944, 5.5736112);(41.3828939, 2.1774322);1062.2681
Liege;Cologne;(50.6450944, 5.5736112);(50.938361, 6.959974);103.0528
Liege;Athens;(50.6450944, 5.5736112);(37.9839412, 23.7283052);2008.8628
Liege;Bucharest;(50.6450944, 5.5736112);(44.4361414, 26.1027202);1685.3976
Liege;Budapest;(50.6450944, 5.5736112);(47.4979937, 19.0403594);1042.5622
Liege;Naples;(50.6450944, 5.5736112);(40.8358846, 14.2487679);1280.3831
Liege;Lisbon;(50.6450944, 5.5736112);(38.7077507, -9.1365919);1759.8255
Liege;Turin;(50.6450944, 5.5736112);(45.0677551, 7.6824892);639.8223
Liege;Hanover;(50.6450944, 5.5736112);(52.3744779, 9.7385532);347.2342
Liege;Malmö;(50.6450944, 5.5736112);(55.6052931, 13.0001566);742.0781
Liege;Helsinki;(50.6450944, 5.5736112);(60.1674881, 24.9427473);1610.6679
Liege;Prague;(50.6450944, 5.5736112);(50.0874654, 14.4212535);632.1718
Liege;Valencia;(50.6450944, 5.5736112);(39.4697065, -0.3763353);1326.3454
Liege;Bremen;(50.6450944, 5.5736112);(53.0758196, 8.8071646);350.31
Liege;Porto;(50.6450944, 5.5736112);(41.1494512, -8.6107884);1520.1454
Warsaw;Paris;(52.2337172, 21.071432235636493);(48.8588897, 2.3200410217200766);1376.6802
Warsaw;Lyon;(52.2337172, 21.071432235636493);(45.7578137, 4.8320114);1384.9215
Warsaw;Marseille;(52.2337172, 21.071432235636493);(43.2961743, 5.3699525);1534.6302
Warsaw;Bordeaux;(52.2337172, 21.071432235636493);(44.841225, -0.5800364);1788.2674
Warsaw;Milan;(52.2337172, 21.071432235636493);(45.4641943, 9.1896346);1149.4642
Warsaw;Berlin;(52.2337172, 21.071432235636493);(52.5170365, 13.3888599);523.8994
Warsaw;Madrid;(52.2337172, 21.071432235636493);(40.4167047, -3.7035825);2297.8442
Warsaw;Vienna;(52.2337172, 21.071432235636493);(48.2083537, 16.3725042);559.1571
Warsaw;Munich;(52.2337172, 21.071432235636493);(48.1371079, 11.5753822);816.0497
Warsaw;Amsterdam;(52.2337172, 21.071432235636493);(52.3727598, 4.8936041);1101.3447
Warsaw;Stockholm;(52.2337172, 21.071432235636493);(59.3251172, 18.0710935);811.4601
Warsaw;Copenhagen;(52.2337172, 21.071432235636493);(55.6867243, 12.5700724);676.8236
Warsaw;Barcelona;(52.2337172, 21.071432235636493);(41.3828939, 2.1774322);1870.1057
Warsaw;Cologne;(52.2337172, 21.071432235636493);(50.938361, 6.959974);986.9986
Warsaw;Athens;(52.2337172, 21.071432235636493);(37.9839412, 23.7283052);1597.0905
Warsaw;Bucharest;(52.2337172, 21.071432235636493);(44.4361414, 26.1027202);943.3275
Warsaw;Budapest;(52.2337172, 21.071432235636493);(47.4979937, 19.0403594);546.5441
Warsaw;Naples;(52.2337172, 21.071432235636493);(40.8358846, 14.2487679);1369.3514
Warsaw;Lisbon;(52.2337172, 21.071432235636493);(38.7077507, -9.1365919);2768.9663
Warsaw;Turin;(52.2337172, 21.071432235636493);(45.0677551, 7.6824892);1264.7321
Warsaw;Hanover;(52.2337172, 21.071432235636493);(52.3744779, 9.7385532);772.4025
Warsaw;Malmö;(52.2337172, 21.071432235636493);(55.6052931, 13.0001566);648.9997
Warsaw;Helsinki;(52.2337172, 21.071432235636493);(60.1674881, 24.9427473);915.0844
Warsaw;Prague;(52.2337172, 21.071432235636493);(50.0874654, 14.4212535);522.6342
Warsaw;Valencia;(52.2337172, 21.071432235636493);(39.4697065, -0.3763353);2173.2031
Warsaw;Bremen;(52.2337172, 21.071432235636493);(53.0758196, 8.8071646);834.173
Warsaw;Porto;(52.2337172, 21.071432235636493);(41.1494512, -8.6107884);2557.6066
Paris;Lyon;(48.8588897, 2.3200410217200766);(45.7578137, 4.8320114);393.5762
Paris;Marseille;(48.8588897, 2.3200410217200766);(43.2961743, 5.3699525);661.6477
Paris;Bordeaux;(48.8588897, 2.3200410217200766);(44.841225, -0.5800364);498.3086
Paris;Milan;(48.8588897, 2.3200410217200766);(45.4641943, 9.1896346);642.8327
Paris;Berlin;(48.8588897, 2.3200410217200766);(52.5170365, 13.3888599);880.4355
Paris;Madrid;(48.8588897, 2.3200410217200766);(40.4167047, -3.7035825);1052.0368
Paris;Vienna;(48.8588897, 2.3200410217200766);(48.2083537, 16.3725042);1038.8408
Paris;Munich;(48.8588897, 2.3200410217200766);(48.1371079, 11.5753822);688.2662
Paris;Amsterdam;(48.8588897, 2.3200410217200766);(52.3727598, 4.8936041);431.1714
Paris;Stockholm;(48.8588897, 2.3200410217200766);(59.3251172, 18.0710935);1547.574
Paris;Copenhagen;(48.8588897, 2.3200410217200766);(55.6867243, 12.5700724);1030.7479
Paris;Barcelona;(48.8588897, 2.3200410217200766);(41.3828939, 2.1774322);830.9137
Paris;Cologne;(48.8588897, 2.3200410217200766);(50.938361, 6.959974);405.6203
Paris;Athens;(48.8588897, 2.3200410217200766);(37.9839412, 23.7283052);2101.2943
Paris;Bucharest;(48.8588897, 2.3200410217200766);(44.4361414, 26.1027202);1877.2597
Paris;Budapest;(48.8588897, 2.3200410217200766);(47.4979937, 19.0403594);1250.0463
Paris;Naples;(48.8588897, 2.3200410217200766);(40.8358846, 14.2487679);1294.9374
Paris;Lisbon;(48.8588897, 2.3200410217200766);(38.7077507, -9.1365919);1453.5704
Paris;Turin;(48.8588897, 2.3200410217200766);(45.0677551, 7.6824892);586.3959
Paris;Hanover;(48.8588897, 2.3200410217200766);(52.3744779, 9.7385532);654.1463
Paris;Malmö;(48.8588897, 2.3200410217200766);(55.6052931, 13.0001566);1044.6582
Paris;Helsinki;(48.8588897, 2.3200410217200766);(60.1674881, 24.9427473);1914.3578
Paris;Prague;(48.8588897, 2.3200410217200766);(50.0874654, 14.4212535);886.6124
Paris;Valencia;(48.8588897, 2.3200410217200766);(39.4697065, -0.3763353);1065.1529
Paris;Bremen;(48.8588897, 2.3200410217200766);(53.0758196, 8.8071646);653.5159
Paris;Porto;(48.8588897, 2.3200410217200766);(41.1494512, -8.6107884);1212.8973
Lyon;Marseille;(45.7578137, 4.8320114);(43.2961743, 5.3699525);276.8639
Lyon;Bordeaux;(45.7578137, 4.8320114);(44.841225, -0.5800364);436.45
Lyon;Milan;(45.7578137, 4.8320114);(45.4641943, 9.1896346);341.4333
Lyon;Berlin;(45.7578137, 4.8320114);(52.5170365, 13.3888599);975.8332
Lyon;Madrid;(45.7578137, 4.8320114);(40.4167047, -3.7035825);912.9311
Lyon;Vienna;(45.7578137, 4.8320114);(48.2083537, 16.3725042);918.2506
Lyon;Munich;(45.7578137, 4.8320114);(48.1371079, 11.5753822);577.2241
Lyon;Amsterdam;(45.7578137, 4.8320114);(52.3727598, 4.8936041);735.6674
Lyon;Stockholm;(45.7578137, 4.8320114);(59.3251172, 18.0710935);1749.4739
Lyon;Copenhagen;(45.7578137, 4.8320114);(55.6867243, 12.5700724);1230.5109
Lyon;Barcelona;(45.7578137, 4.8320114);(41.3828939, 2.1774322);531.1909
Lyon;Cologne;(45.7578137, 4.8320114);(50.938361, 6.959974);597.1952
Lyon;Athens;(45.7578137, 4.8320114);(37.9839412, 23.7283052);1784.2604
Lyon;Bucharest;(45.7578137, 4.8320114);(44.4361414, 26.1027202);1675.7436
Lyon;Budapest;(45.7578137, 4.8320114);(47.4979937, 19.0403594);1103.5369
Lyon;Naples;(45.7578137, 4.8320114);(40.8358846, 14.2487679);938.6115
Lyon;Lisbon;(45.7578137, 4.8320114);(38.7077507, -9.1365919);1390.6951
Lyon;Turin;(45.7578137, 4.8320114);(45.0677551, 7.6824892);235.9276
Lyon;Hanover;(45.7578137, 4.8320114);(52.3744779, 9.7385532);818.0848
Lyon;Malmö;(45.7578137, 4.8320114);(55.6052931, 13.0001566);1236.3026
Lyon;Helsinki;(45.7578137, 4.8320114);(60.1674881, 24.9427473);2079.6824
Lyon;Prague;(45.7578137, 4.8320114);(50.0874654, 14.4212535);862.301
Lyon;Valencia;(45.7578137, 4.8320114);(39.4697065, -0.3763353);818.4376
Lyon;Bremen;(45.7578137, 4.8320114);(53.0758196, 8.8071646);863.1433
Lyon;Porto;(45.7578137, 4.8320114);(41.1494512, -8.6107884);1200.4324
Marseille;Bordeaux;(43.2961743, 5.3699525);(44.841225, -0.5800364);506.4981
Marseille;Milan;(43.2961743, 5.3699525);(45.4641943, 9.1896346);388.1193
Marseille;Berlin;(43.2961743, 5.3699525);(52.5170365, 13.3888599);1185.9895
Marseille;Madrid;(43.2961743, 5.3699525);(40.4167047, -3.7035825);817.935
Marseille;Vienna;(43.2961743, 5.3699525);(48.2083537, 16.3725042);1013.8765
Marseille;Munich;(43.2961743, 5.3699525);(48.1371079, 11.5753822);722.6529
Marseille;Amsterdam;(43.2961743, 5.3699525);(52.3727598, 4.8936041);1009.821
Marseille;Stockholm;(43.2961743, 5.3699525);(59.3251172, 18.0710935);1983.2239
Marseille;Copenhagen;(43.2961743, 5.3699525);(55.6867243, 12.5700724);1471.5665
Marseille;Barcelona;(43.2961743, 5.3699525);(41.3828939, 2.1774322);338.1634
Marseille;Cologne;(43.2961743, 5.3699525);(50.938361, 6.959974);858.0742
Marseille;Athens;(43.2961743, 5.3699525);(37.9839412, 23.7283052);1656.8987
Marseille;Bucharest;(43.2961743, 5.3699525);(44.4361414, 26.1027202);1666.952
Marseille;Budapest;(43.2961743, 5.3699525);(47.4979937, 19.0403594);1165.7476
Marseille;Naples;(43.2961743, 5.3699525);(40.8358846, 14.2487679);783.5309
Marseille;Lisbon;(43.2961743, 5.3699525);(38.7077507, -9.1365919);1320.2925
Marseille;Turin;(43.2961743, 5.3699525);(45.0677551, 7.6824892);270.0553
Marseille;Hanover;(43.2961743, 5.3699525);(52.3744779, 9.7385532);1060.5418
Marseille;Malmö;(43.2961743, 5.3699525);(55.6052931, 13.0001566);1474.4317
Marseille;Helsinki;(43.2961743, 5.3699525);(60.1674881, 24.9427473);2294.3008
Marseille;Prague;(43.2961743, 5.3699525);(50.0874654, 14.4212535);1022.8963
Marseille;Valencia;(43.2961743, 5.3699525);(39.4697065, -0.3763353);641.2964
Marseille;Bremen;(43.2961743, 5.3699525);(53.0758196, 8.8071646);1116.7221
Marseille;Porto;(43.2961743, 5.3699525);(41.1494512, -8.6107884);1177.1382
Bordeaux;Milan;(44.841225, -0.5800364);(45.4641943, 9.1896346);770.8902
Bordeaux;Berlin;(44.841225, -0.5800364);(52.5170365, 13.3888599);1332.6929
Bordeaux;Madrid;(44.841225, -0.5800364);(40.4167047, -3.7035825);554.1662
Bordeaux;Vienna;(44.841225, -0.5800364);(48.2083537, 16.3725042);1350.3198
Bordeaux;Munich;(44.841225, -0.5800364);(48.1371079, 11.5753822);1001.2265
Bordeaux;Amsterdam;(44.841225, -0.5800364);(52.3727598, 4.8936041);929.0682
Bordeaux;Stockholm;(44.841225, -0.5800364);(59.3251172, 18.0710935);2042.2945
Bordeaux;Copenhagen;(44.841225, -0.5800364);(55.6867243, 12.5700724);1522.5537
Bordeaux;Barcelona;(44.841225, -0.5800364);(41.3828939, 2.1774322);444.8866
Bordeaux;Cologne;(44.841225, -0.5800364);(50.938361, 6.959974);880.8422
Bordeaux;Athens;(44.841225, -0.5800364);(37.9839412, 23.7283052);2160.2761
Bordeaux;Bucharest;(44.841225, -0.5800364);(44.4361414, 26.1027202);2107.9581
Bordeaux;Budapest;(44.841225, -0.5800364);(47.4979937, 19.0403594);1539.351
Bordeaux;Naples;(44.841225, -0.5800364);(40.8358846, 14.2487679);1289.0864
Bordeaux;Lisbon;(44.841225, -0.5800364);(38.7077507, -9.1365919);983.9388
Bordeaux;Turin;(44.841225, -0.5800364);(45.0677551, 7.6824892);652.1916
Bordeaux;Hanover;(44.841225, -0.5800364);(52.3744779, 9.7385532);1129.5327
Bordeaux;Malmö;(44.841225, -0.5800364);(55.6052931, 13.0001566);1534.7341
Bordeaux;Helsinki;(44.841225, -0.5800364);(60.1674881, 24.9427473);2402.3701
Bordeaux;Prague;(44.841225, -0.5800364);(50.0874654, 14.4212535);1269.3888
Bordeaux;Valencia;(44.841225, -0.5800364);(39.4697065, -0.3763353);596.8858
Bordeaux;Bremen;(44.841225, -0.5800364);(53.0758196, 8.8071646);1143.0454
Bordeaux;Porto;(44.841225, -0.5800364);(41.1494512, -8.6107884);772.1508
Milan;Berlin;(45.4641943, 9.1896346);(52.5170365, 13.3888599);842.0343
Milan;Madrid;(45.4641943, 9.1896346);(40.4167047, -3.7035825);1190.4149
Milan;Vienna;(45.4641943, 9.1896346);(48.2083537, 16.3725042);626.7914
Milan;Munich;(45.4641943, 9.1896346);(48.1371079, 11.5753822);348.4711
Milan;Amsterdam;(45.4641943, 9.1896346);(52.3727598, 4.8936041);829.9284
Milan;Stockholm;(45.4641943, 9.1896346);(59.3251172, 18.0710935);1653.1971
Milan;Copenhagen;(45.4641943, 9.1896346);(55.6867243, 12.5700724);1161.7271
Milan;Barcelona;(45.4641943, 9.1896346);(41.3828939, 2.1774322);726.1899
Milan;Cologne;(45.4641943, 9.1896346);(50.938361, 6.959974);630.7762
Milan;Athens;(45.4641943, 9.1896346);(37.9839412, 23.7283052);1463.9542
Milan;Bucharest;(45.4641943, 9.1896346);(44.4361414, 26.1027202);1337.089
Milan;Budapest;(45.4641943, 9.1896346);(47.4979937, 19.0403594);788.8565
Milan;Naples;(45.4641943, 9.1896346);(40.8358846, 14.2487679);658.2928
Milan;Lisbon;(45.4641943, 9.1896346);(38.7077507, -9.1365919);1686.5107
Milan;Turin;(45.4641943, 9.1896346);(45.0677551, 7.6824892);126.2194
Milan;Hanover;(45.4641943, 9.1896346);(52.3744779, 9.7385532);769.5248
Milan;Malmö;(45.4641943, 9.1896346);(55.6052931, 13.0001566);1159.5273
Milan;Helsinki;(45.4641943, 9.1896346);(60.1674881, 24.9427473);1939.6115
Milan;Prague;(45.4641943, 9.1896346);(50.0874654, 14.4212535);646.1697
Milan;Valencia;(45.4641943, 9.1896346);(39.4697065, -0.3763353);1029.415
Milan;Bremen;(45.4641943, 9.1896346);(53.0758196, 8.8071646);846.979
Milan;Porto;(45.4641943, 9.1896346);(41.1494512, -8.6107884);1517.9006
Berlin;Madrid;(52.5170365, 13.3888599);(40.4167047, -3.7035825);1870.371
Berlin;Vienna;(52.5170365, 13.3888599);(48.2083537, 16.3725042);524.0812
Berlin;Munich;(52.5170365, 13.3888599);(48.1371079, 11.5753822);503.9817
Berlin;Amsterdam;(52.5170365, 13.3888599);(52.3727598, 4.8936041);577.5253
Berlin;Stockholm;(52.5170365, 13.3888599);(59.3251172, 18.0710935);812.0819
Berlin;Copenhagen;(52.5170365, 13.3888599);(55.6867243, 12.5700724);356.8434
Berlin;Barcelona;(52.5170365, 13.3888599);(41.3828939, 2.1774322);1499.6969
Berlin;Cologne;(52.5170365, 13.3888599);(50.938361, 6.959974);477.4541
Berlin;Athens;(52.5170365, 13.3888599);(37.9839412, 23.7283052);1803.4007
Berlin;Bucharest;(52.5170365, 13.3888599);(44.4361414, 26.1027202);1296.9016
Berlin;Budapest;(52.5170365, 13.3888599);(47.4979937, 19.0403594);689.3135
Berlin;Naples;(52.5170365, 13.3888599);(40.8358846, 14.2487679);1300.1679
Berlin;Lisbon;(52.5170365, 13.3888599);(38.7077507, -9.1365919);2315.2662
Berlin;Turin;(52.5170365, 13.3888599);(45.0677551, 7.6824892);927.761
Berlin;Hanover;(52.5170365, 13.3888599);(52.3744779, 9.7385532);248.6779
Berlin;Malmö;(52.5170365, 13.3888599);(55.6052931, 13.0001566);344.6811
Berlin;Helsinki;(52.5170365, 13.3888599);(60.1674881, 24.9427473);1108.6331
Berlin;Prague;(52.5170365, 13.3888599);(50.0874654, 14.4212535);279.7165
Berlin;Valencia;(52.5170365, 13.3888599);(39.4697065, -0.3763353);1793.5348
Berlin;Bremen;(52.5170365, 13.3888599);(53.0758196, 8.8071646);315.1822
Berlin;Porto;(52.5170365, 13.3888599);(41.1494512, -8.6107884);2086.7796
Madrid;Vienna;(40.4167047, -3.7035825);(48.2083537, 16.3725042);1813.0225
Madrid;Munich;(40.4167047, -3.7035825);(48.1371079, 11.5753822);1486.8578
Madrid;Amsterdam;(40.4167047, -3.7035825);(52.3727598, 4.8936041);1481.9616
Madrid;Stockholm;(40.4167047, -3.7035825);(59.3251172, 18.0710935);2595.9713
Madrid;Copenhagen;(40.4167047, -3.7035825);(55.6867243, 12.5700724);2075.5539
Madrid;Barcelona;(40.4167047, -3.7035825);(41.3828939, 2.1774322);506.922
Madrid;Cologne;(40.4167047, -3.7035825);(50.938361, 6.959974);1431.3403
Madrid;Athens;(40.4167047, -3.7035825);(37.9839412, 23.7283052);2375.3223
Madrid;Bucharest;(40.4167047, -3.7035825);(44.4361414, 26.1027202);2478.9272
Madrid;Budapest;(40.4167047, -3.7035825);(47.4979937, 19.0403594);1978.4494
Madrid;Naples;(40.4167047, -3.7035825);(40.8358846, 14.2487679);1516.9787
Madrid;Lisbon;(40.4167047, -3.7035825);(38.7077507, -9.1365919);503.861
Madrid;Turin;(40.4167047, -3.7035825);(45.0677551, 7.6824892);1064.4805
Madrid;Hanover;(40.4167047, -3.7035825);(52.3744779, 9.7385532);1678.1696
Madrid;Malmö;(40.4167047, -3.7035825);(55.6052931, 13.0001566);2087.1443
Madrid;Helsinki;(40.4167047, -3.7035825);(60.1674881, 24.9427473);2953.0022
Madrid;Prague;(40.4167047, -3.7035825);(50.0874654, 14.4212535);1775.2312
Madrid;Valencia;(40.4167047, -3.7035825);(39.4697065, -0.3763353);303.1546
Madrid;Bremen;(40.4167047, -3.7035825);(53.0758196, 8.8071646);1695.8825
Madrid;Porto;(40.4167047, -3.7035825);(41.1494512, -8.6107884);422.0741
Vienna;Munich;(48.2083537, 16.3725042);(48.1371079, 11.5753822);356.8202
Vienna;Amsterdam;(48.2083537, 16.3725042);(52.3727598, 4.8936041);938.5242
Vienna;Stockholm;(48.2083537, 16.3725042);(59.3251172, 18.0710935);1242.246
Vienna;Copenhagen;(48.2083537, 16.3725042);(55.6867243, 12.5700724);871.8583
Vienna;Barcelona;(48.2083537, 16.3725042);(41.3828939, 2.1774322);1351.9577
Vienna;Cologne;(48.2083537, 16.3725042);(50.938361, 6.959974);744.725
Vienna;Athens;(48.2083537, 16.3725042);(37.9839412, 23.7283052);1282.64
Vienna;Bucharest;(48.2083537, 16.3725042);(44.4361414, 26.1027202);857.7667
Vienna;Budapest;(48.2083537, 16.3725042);(47.4979937, 19.0403594);214.6944
Vienna;Naples;(48.2083537, 16.3725042);(40.8358846, 14.2487679);836.3706
Vienna;Lisbon;(48.2083537, 16.3725042);(38.7077507, -9.1365919);2303.6237
Vienna;Turin;(48.2083537, 16.3725042);(45.0677551, 7.6824892);750.7859
Vienna;Hanover;(48.2083537, 16.3725042);(52.3744779, 9.7385532);661.489
Vienna;Malmö;(48.2083537, 16.3725042);(55.6052931, 13.0001566);854.856
Vienna;Helsinki;(48.2083537, 16.3725042);(60.1674881, 24.9427473);1441.1217
Vienna;Prague;(48.2083537, 16.3725042);(50.0874654, 14.4212535);252.8383
Vienna;Valencia;(48.2083537, 16.3725042);(39.4697065, -0.3763353);1654.5719
Vienna;Bremen;(48.2083537, 16.3725042);(53.0758196, 8.8071646);760.5072
Vienna;Porto;(48.2083537, 16.3725042);(41.1494512, -8.6107884);2118.6102
Munich;Amsterdam;(48.1371079, 11.5753822);(52.3727598, 4.8936041);669.5848
Munich;Stockholm;(48.1371079, 11.5753822);(59.3251172, 18.0710935);1315.4317
Munich;Copenhagen;(48.1371079, 11.5753822);(55.6867243, 12.5700724);842.7707
Munich;Barcelona;(48.1371079, 11.5753822);(41.3828939, 2.1774322);1055.402
Munich;Cologne;(48.1371079, 11.5753822);(50.938361, 6.959974);456.6385
Munich;Athens;(48.1371079, 11.5753822);(37.9839412, 23.7283052);1497.108
Munich;Bucharest;(48.1371079, 11.5753822);(44.4361414, 26.1027202);1190.4458
Munich;Budapest;(48.1371079, 11.5753822);(47.4979937, 19.0403594);563.3073
Munich;Naples;(48.1371079, 11.5753822);(40.8358846, 14.2487679);838.5883
Munich;Lisbon;(48.1371079, 11.5753822);(38.7077507, -9.1365919);1967.9102
Munich;Turin;(48.1371079, 11.5753822);(45.0677551, 7.6824892);453.066
Munich;Hanover;(48.1371079, 11.5753822);(52.3744779, 9.7385532);489.1595
Munich;Malmö;(48.1371079, 11.5753822);(55.6052931, 13.0001566);836.6704
Munich;Helsinki;(48.1371079, 11.5753822);(60.1674881, 24.9427473);1592.0488
Munich;Prague;(48.1371079, 11.5753822);(50.0874654, 14.4212535);300.3147
Munich;Valencia;(48.1371079, 11.5753822);(39.4697065, -0.3763353);1357.9898
Munich;Bremen;(48.1371079, 11.5753822);(53.0758196, 8.8071646);583.1731
Munich;Porto;(48.1371079, 11.5753822);(41.1494512, -8.6107884);1772.5618
Amsterdam;Stockholm;(52.3727598, 4.8936041);(59.3251172, 18.0710935);1127.8689
Amsterdam;Copenhagen;(52.3727598, 4.8936041);(55.6867243, 12.5700724);623.2007
Amsterdam;Barcelona;(52.3727598, 4.8936041);(41.3828939, 2.1774322);1238.9079
Amsterdam;Cologne;(52.3727598, 4.8936041);(50.938361, 6.959974);214.2694
Amsterdam;Athens;(52.3727598, 4.8936041);(37.9839412, 23.7283052);2166.1367
Amsterdam;Bucharest;(52.3727598, 4.8936041);(44.4361414, 26.1027202);1791.6543
Amsterdam;Budapest;(52.3727598, 4.8936041);(47.4979937, 19.0403594);1148.5378
Amsterdam;Naples;(52.3727598, 4.8936041);(40.8358846, 14.2487679);1466.3818
Amsterdam;Lisbon;(52.3727598, 4.8936041);(38.7077507, -9.1365919);1865.6878
Amsterdam;Turin;(52.3727598, 4.8936041);(45.0677551, 7.6824892);837.695
Amsterdam;Hanover;(52.3727598, 4.8936041);(52.3744779, 9.7385532);329.9026
Amsterdam;Malmö;(52.3727598, 4.8936041);(55.6052931, 13.0001566);641.3917
Amsterdam;Helsinki;(52.3727598, 4.8936041);(60.1674881, 24.9427473);1505.6625
Amsterdam;Prague;(52.3727598, 4.8936041);(50.0874654, 14.4212535);711.7477
Amsterdam;Valencia;(52.3727598, 4.8936041);(39.4697065, -0.3763353);1490.2766
Amsterdam;Bremen;(52.3727598, 4.8936041);(53.0758196, 8.8071646);275.7071
Amsterdam;Porto;(52.3727598, 4.8936041);(41.1494512, -8.6107884);1613.4835
Stockholm;Copenhagen;(59.3251172, 18.0710935);(55.6867243, 12.5700724);522.0769
Stockholm;Barcelona;(59.3251172, 18.0710935);(41.3828939, 2.1774322);2280.6153
Stockholm;Cologne;(59.3251172, 18.0710935);(50.938361, 6.959974);1168.9667
Stockholm;Athens;(59.3251172, 18.0710935);(37.9839412, 23.7283052);2407.4229
Stockholm;Bucharest;(59.3251172, 18.0710935);(44.4361414, 26.1027202);1743.4813
Stockholm;Budapest;(59.3251172, 18.0710935);(47.4979937, 19.0403594);1317.8155
Stockholm;Naples;(59.3251172, 18.0710935);(40.8358846, 14.2487679);2073.8179
Stockholm;Lisbon;(59.3251172, 18.0710935);(38.7077507, -9.1365919);2993.535
Stockholm;Turin;(59.3251172, 18.0710935);(45.0677551, 7.6824892);1733.4247
Stockholm;Hanover;(59.3251172, 18.0710935);(52.3744779, 9.7385532);931.8909
Stockholm;Malmö;(59.3251172, 18.0710935);(55.6052931, 13.0001566);513.7236
Stockholm;Helsinki;(59.3251172, 18.0710935);(60.1674881, 24.9427473);397.4031
Stockholm;Prague;(59.3251172, 18.0710935);(50.0874654, 14.4212535);1054.4773
Stockholm;Valencia;(59.3251172, 18.0710935);(39.4697065, -0.3763353);2562.9057
Stockholm;Bremen;(59.3251172, 18.0710935);(53.0758196, 8.8071646);900.9919
Stockholm;Porto;(59.3251172, 18.0710935);(41.1494512, -8.6107884);2740.299
Copenhagen;Barcelona;(55.6867243, 12.5700724);(41.3828939, 2.1774322);1761.5977
Copenhagen;Cologne;(55.6867243, 12.5700724);(50.938361, 6.959974);646.9126
Copenhagen;Athens;(55.6867243, 12.5700724);(37.9839412, 23.7283052);2137.9173
Copenhagen;Bucharest;(55.6867243, 12.5700724);(44.4361414, 26.1027202);1576.8332
Copenhagen;Budapest;(55.6867243, 12.5700724);(47.4979937, 19.0403594);1014.3931
Copenhagen;Naples;(55.6867243, 12.5700724);(40.8358846, 14.2487679);1655.9062
Copenhagen;Lisbon;(55.6867243, 12.5700724);(38.7077507, -9.1365919);2482.2491
Copenhagen;Turin;(55.6867243, 12.5700724);(45.0677551, 7.6824892);1230.5355
Copenhagen;Hanover;(55.6867243, 12.5700724);(52.3744779, 9.7385532);412.6447
Copenhagen;Malmö;(55.6867243, 12.5700724);(55.6052931, 13.0001566);28.5562
Copenhagen;Helsinki;(55.6867243, 12.5700724);(60.1674881, 24.9427473);884.6728
Copenhagen;Prague;(55.6867243, 12.5700724);(50.0874654, 14.4212535);635.3831
Copenhagen;Valencia;(55.6867243, 12.5700724);(39.4697065, -0.3763353);2041.5891
Copenhagen;Bremen;(55.6867243, 12.5700724);(53.0758196, 8.8071646);379.6785
Copenhagen;Porto;(55.6867243, 12.5700724);(41.1494512, -8.6107884);2234.2253
Barcelona;Cologne;(41.3828939, 2.1774322);(50.938361, 6.959974);1123.9164
Barcelona;Athens;(41.3828939, 2.1774322);(37.9839412, 23.7283052);1881.7007
Barcelona;Bucharest;(41.3828939, 2.1774322);(44.4361414, 26.1027202);1975.6167
Barcelona;Budapest;(41.3828939, 2.1774322);(47.4979937, 19.0403594);1500.3001
Barcelona;Naples;(41.3828939, 2.1774322);(40.8358846, 14.2487679);1014.9375
Barcelona;Lisbon;(41.3828939, 2.1774322);(38.7077507, -9.1365919);1009.2834
Barcelona;Turin;(41.3828939, 2.1774322);(45.0677551, 7.6824892);606.0469
Barcelona;Hanover;(41.3828939, 2.1774322);(52.3744779, 9.7385532);1349.259
Barcelona;Malmö;(41.3828939, 2.1774322);(55.6052931, 13.0001566);1767.4935
Barcelona;Helsinki;(41.3828939, 2.1774322);(60.1674881, 24.9427473);2607.0854
Barcelona;Prague;(41.3828939, 2.1774322);(50.0874654, 14.4212535);1354.6563
Barcelona;Valencia;(41.3828939, 2.1774322);(39.4697065, -0.3763353);303.4485
Barcelona;Bremen;(41.3828939, 2.1774322);(53.0758196, 8.8071646);1392.0713
Barcelona;Porto;(41.3828939, 2.1774322);(41.1494512, -8.6107884);903.7955
Cologne;Athens;(50.938361, 6.959974);(37.9839412, 23.7283052);1953.7406
Cologne;Bucharest;(50.938361, 6.959974);(44.4361414, 26.1027202);1602.264
Cologne;Budapest;(50.938361, 6.959974);(47.4979937, 19.0403594);958.1807
Cologne;Naples;(50.938361, 6.959974);(40.8358846, 14.2487679);1255.8803
Cologne;Lisbon;(50.938361, 6.959974);(38.7077507, -9.1365919);1854.2463
Cologne;Turin;(50.938361, 6.959974);(45.0677551, 7.6824892);654.968
Cologne;Hanover;(50.938361, 6.959974);(52.3744779, 9.7385532);249.977
Cologne;Malmö;(50.938361, 6.959974);(55.6052931, 13.0001566);656.8696
Cologne;Helsinki;(50.938361, 6.959974);(60.1674881, 24.9427473);1521.8573
Cologne;Prague;(50.938361, 6.959974);(50.0874654, 14.4212535);537.3816
Cologne;Valencia;(50.938361, 6.959974);(39.4697065, -0.3763353);1397.1541
Cologne;Bremen;(50.938361, 6.959974);(53.0758196, 8.8071646);269.5176
Cologne;Porto;(50.938361, 6.959974);(41.1494512, -8.6107884);1617.6455
Athens;Bucharest;(37.9839412, 23.7283052);(44.4361414, 26.1027202);743.6301
Athens;Budapest;(37.9839412, 23.7283052);(47.4979937, 19.0403594);1123.8912
Athens;Naples;(37.9839412, 23.7283052);(40.8358846, 14.2487679);875.0802
Athens;Lisbon;(37.9839412, 23.7283052);(38.7077507, -9.1365919);2858.6219
Athens;Turin;(37.9839412, 23.7283052);(45.0677551, 7.6824892);1549.0911
Athens;Hanover;(37.9839412, 23.7283052);(52.3744779, 9.7385532);1933.4032
Athens;Malmö;(37.9839412, 23.7283052);(55.6052931, 13.0001566);2117.4666
Athens;Helsinki;(37.9839412, 23.7283052);(60.1674881, 24.9427473);2468.5121
Athens;Prague;(37.9839412, 23.7283052);(50.0874654, 14.4212535);1535.1602
Athens;Valencia;(37.9839412, 23.7283052);(39.4697065, -0.3763353);2096.3186
Athens;Bremen;(37.9839412, 23.7283052);(53.0758196, 8.8071646);2033.6346
Athens;Porto;(37.9839412, 23.7283052);(41.1494512, -8.6107884);2784.8857
Bucharest;Budapest;(44.4361414, 26.1027202);(47.4979937, 19.0403594);644.1819
Bucharest;Naples;(44.4361414, 26.1027202);(40.8358846, 14.2487679);1050.0488
Bucharest;Lisbon;(44.4361414, 26.1027202);(38.7077507, -9.1365919);2982.7875
Bucharest;Turin;(44.4361414, 26.1027202);(45.0677551, 7.6824892);1457.1641
Bucharest;Hanover;(44.4361414, 26.1027202);(52.3744779, 9.7385532);1493.4011
Bucharest;Malmö;(44.4361414, 26.1027202);(55.6052931, 13.0001566);1551.8008
Bucharest;Helsinki;(44.4361414, 26.1027202);(60.1674881, 24.9427473);1752.1678
Bucharest;Prague;(44.4361414, 26.1027202);(50.0874654, 14.4212535);1082.6119
Bucharest;Valencia;(44.4361414, 26.1027202);(39.4697065, -0.3763353);2252.8147
Bucharest;Bremen;(44.4361414, 26.1027202);(53.0758196, 8.8071646);1586.929
Bucharest;Porto;(44.4361414, 26.1027202);(41.1494512, -8.6107884);2841.811
Budapest;Naples;(47.4979937, 19.0403594);(40.8358846, 14.2487679);833.1768
Budapest;Lisbon;(47.4979937, 19.0403594);(38.7077507, -9.1365919);2475.3627
Budapest;Turin;(47.4979937, 19.0403594);(45.0677551, 7.6824892);915.0746
Budapest;Hanover;(47.4979937, 19.0403594);(52.3744779, 9.7385532);859.1525
Budapest;Malmö;(47.4979937, 19.0403594);(55.6052931, 13.0001566);993.655
Budapest;Helsinki;(47.4979937, 19.0403594);(60.1674881, 24.9427473);1461.2593
Budapest;Prague;(47.4979937, 19.0403594);(50.0874654, 14.4212535);444.945
Budapest;Valencia;(47.4979937, 19.0403594);(39.4697065, -0.3763353);1799.0938
Budapest;Bremen;(47.4979937, 19.0403594);(53.0758196, 8.8071646);955.9006
Budapest;Porto;(47.4979937, 19.0403594);(41.1494512, -8.6107884);2301.5311
Naples;Lisbon;(40.8358846, 14.2487679);(38.7077507, -9.1365919);2011.4245
Naples;Turin;(40.8358846, 14.2487679);(45.0677551, 7.6824892);712.4081
Naples;Hanover;(40.8358846, 14.2487679);(52.3744779, 9.7385532);1327.717
Naples;Malmö;(40.8358846, 14.2487679);(55.6052931, 13.0001566);1644.8184
Naples;Helsinki;(40.8358846, 14.2487679);(60.1674881, 24.9427473);2273.5338
Naples;Prague;(40.8358846, 14.2487679);(50.0874654, 14.4212535);1028.3156
Naples;Valencia;(40.8358846, 14.2487679);(39.4697065, -0.3763353);1253.8122
Naples;Bremen;(40.8358846, 14.2487679);(53.0758196, 8.8071646);1421.3096
Naples;Porto;(40.8358846, 14.2487679);(41.1494512, -8.6107884);1918.2794
Lisbon;Turin;(38.7077507, -9.1365919);(45.0677551, 7.6824892);1560.2914
Lisbon;Hanover;(38.7077507, -9.1365919);(52.3744779, 9.7385532);2104.223
Lisbon;Malmö;(38.7077507, -9.1365919);(55.6052931, 13.0001566);2497.1865
Lisbon;Helsinki;(38.7077507, -9.1365919);(60.1674881, 24.9427473);3366.8192
Lisbon;Prague;(38.7077507, -9.1365919);(50.0874654, 14.4212535);2247.6664
Lisbon;Valencia;(38.7077507, -9.1365919);(39.4697065, -0.3763353);762.3181
Lisbon;Bremen;(38.7077507, -9.1365919);(53.0758196, 8.8071646);2106.8852
Lisbon;Porto;(38.7077507, -9.1365919);(41.1494512, -8.6107884);274.8089
Turin;Hanover;(45.0677551, 7.6824892);(52.3744779, 9.7385532);826.4085
Turin;Malmö;(45.0677551, 7.6824892);(55.6052931, 13.0001566);1230.8575
Turin;Helsinki;(45.0677551, 7.6824892);(60.1674881, 24.9427473);2033.3663
Turin;Prague;(45.0677551, 7.6824892);(50.0874654, 14.4212535);753.3803
Turin;Valencia;(45.0677551, 7.6824892);(39.4697065, -0.3763353);909.4787
Turin;Bremen;(45.0677551, 7.6824892);(53.0758196, 8.8071646);894.3364
Turin;Porto;(45.0677551, 7.6824892);(41.1494512, -8.6107884);1392.9553
Hanover;Malmö;(52.3744779, 9.7385532);(55.6052931, 13.0001566);418.3232
Hanover;Helsinki;(52.3744779, 9.7385532);(60.1674881, 24.9427473);1275.1825
Hanover;Prague;(52.3744779, 9.7385532);(50.0874654, 14.4212535);414.2493
Hanover;Valencia;(52.3744779, 9.7385532);(39.4697065, -0.3763353);1631.3281
Hanover;Bremen;(52.3744779, 9.7385532);(53.0758196, 8.8071646);100.253
Hanover;Porto;(52.3744779, 9.7385532);(41.1494512, -8.6107884);1866.9272
Malmö;Helsinki;(55.6052931, 13.0001566);(60.1674881, 24.9427473);869.7546
Malmö;Prague;(55.6052931, 13.0001566);(50.0874654, 14.4212535);621.4254
Malmö;Valencia;(55.6052931, 13.0001566);(39.4697065, -0.3763353);2049.1881
Malmö;Bremen;(55.6052931, 13.0001566);(53.0758196, 8.8071646);391.8436
Malmö;Porto;(55.6052931, 13.0001566);(41.1494512, -8.6107884);2250.403
Helsinki;Prague;(60.1674881, 24.9427473);(50.0874654, 14.4212535);1304.033
Helsinki;Valencia;(60.1674881, 24.9427473);(39.4697065, -0.3763353);2898.0484
Helsinki;Bremen;(60.1674881, 24.9427473);(53.0758196, 8.8071646);1261.0682
Helsinki;Porto;(60.1674881, 24.9427473);(41.1494512, -8.6107884);3118.5295
Prague;Valencia;(50.0874654, 14.4212535);(39.4697065, -0.3763353);1656.6929
Prague;Bremen;(50.0874654, 14.4212535);(53.0758196, 8.8071646);511.5741
Prague;Porto;(50.0874654, 14.4212535);(41.1494512, -8.6107884);2040.6788
Valencia;Bremen;(39.4697065, -0.3763353);(53.0758196, 8.8071646);1666.6678
Valencia;Porto;(39.4697065, -0.3763353);(41.1494512, -8.6107884);724.0895
Bremen;Porto;(53.0758196, 8.8071646);(41.1494512, -8.6107884);1862.7794
Rotterdam;Dusseldorf;(51.9244424, 4.47775);(51.2254018, 6.7763137);177.3075
Rotterdam;Zaragoza;(51.9244424, 4.47775);(41.6521342, -0.8809428);1212.1854
Rotterdam;Venlo;(51.9244424, 4.47775);(51.39244885, 6.1511724144122955);130.0459
Rotterdam;Bratislava;(51.9244424, 4.47775);(48.1516988, 17.1093063);995.7185
Rotterdam;Hamburg;(51.9244424, 4.47775);(53.550341, 10.000654);414.4489
Rotterdam;Rome;(51.9244424, 4.47775);(41.8933203, 12.4829321);1269.2365
Rotterdam;Lille;(51.9244424, 4.47775);(50.6365654, 3.0635282);173.9644
Rotterdam;Liege;(51.9244424, 4.47775);(50.6450944, 5.5736112);161.5622
Rotterdam;Warsaw;(51.9244424, 4.47775);(52.2337172, 21.071432235636493);1135.6449
Rotterdam;Paris;(51.9244424, 4.47775);(48.8588897, 2.3200410217200766);373.8895
Rotterdam;Lyon;(51.9244424, 4.47775);(45.7578137, 4.8320114);686.2599
Rotterdam;Marseille;(51.9244424, 4.47775);(43.2961743, 5.3699525);961.635
Rotterdam;Bordeaux;(51.9244424, 4.47775);(44.841225, -0.5800364);871.6731
Rotterdam;Milan;(51.9244424, 4.47775);(45.4641943, 9.1896346);797.3505
Rotterdam;Berlin;(51.9244424, 4.47775);(52.5170365, 13.3888599);612.1444
Rotterdam;Madrid;(51.9244424, 4.47775);(40.4167047, -3.7035825);1424.5277
Rotterdam;Vienna;(51.9244424, 4.47775);(48.2083537, 16.3725042);945.1163
Rotterdam;Munich;(51.9244424, 4.47775);(48.1371079, 11.5753822);659.8408
Rotterdam;Amsterdam;(51.9244424, 4.47775);(52.3727598, 4.8936041);57.4343
Rotterdam;Stockholm;(51.9244424, 4.47775);(59.3251172, 18.0710935);1184.1789
Rotterdam;Copenhagen;(51.9244424, 4.47775);(55.6867243, 12.5700724);677.1951
Rotterdam;Barcelona;(51.9244424, 4.47775);(41.3828939, 2.1774322);1184.8322
Rotterdam;Cologne;(51.9244424, 4.47775);(50.938361, 6.959974);204.5198
Rotterdam;Athens;(51.9244424, 4.47775);(37.9839412, 23.7283052);2156.6411
Rotterdam;Bucharest;(51.9244424, 4.47775);(44.4361414, 26.1027202);1801.3393
Rotterdam;Budapest;(51.9244424, 4.47775);(47.4979937, 19.0403594);1157.2593
Rotterdam;Naples;(51.9244424, 4.47775);(40.8358846, 14.2487679);1440.8269
Rotterdam;Lisbon;(51.9244424, 4.47775);(38.7077507, -9.1365919);1809.3787
Rotterdam;Turin;(51.9244424, 4.47775);(45.0677551, 7.6824892);798.1952
Rotterdam;Hanover;(51.9244424, 4.47775);(52.3744779, 9.7385532);363.4785
Rotterdam;Malmö;(51.9244424, 4.47775);(55.6052931, 13.0001566);694.6911
Rotterdam;Helsinki;(51.9244424, 4.47775);(60.1674881, 24.9427473);1560.6484
Rotterdam;Prague;(51.9244424, 4.47775);(50.0874654, 14.4212535);726.5575
Rotterdam;Valencia;(51.9244424, 4.47775);(39.4697065, -0.3763353);1434.1499
Rotterdam;Bremen;(51.9244424, 4.47775);(53.0758196, 8.8071646);320.6459
Rotterdam;Porto;(51.9244424, 4.47775);(41.1494512, -8.6107884);1558.0329
